타임스탬프,1. 연령대가 어떻게 되시나요?,2. 성별은 어떻게 되시나요?,3. 대학교 재학중이신가요?,4. 주로 사용하는 어플리케이션 종류는 무엇인가요?(복수선택 가능),5. 선택한 어플리케이션의 사용시간은 어느 정도인가요?,6. 주로 시청하는 콘텐츠의 종류는 무엇인가요?(복수선택 가능),7. 선택한 콘텐츠의 종류 중 최근에 가장 인상깊게 시청한 영상을 소개해주세요.,8. 최근 3개월 동안 SNS에 게시물을 몇 회 이상 업로드하셨나요?,9. 자신이 등장하는 영상이나 사진 찍는 것을 좋아하시나요?,10. 이유는 무엇인가요?,11. 자신이 등장하는 영상이나 사진을 누구에게 공유하시나요?,12. 공유 경로는 어떻게 하시나요?,13. 내 모습을 바꿀 수 있다면 어떻게 바꾸고 싶은가요?,14. 내 모습을 바꿔서 무엇을 해보고 싶은가요?,15. '음악'에서 가장 흥미로운 주제는 무엇인가요?(복수선택 가능),16. '일상'에서 가장 흥미로운 주제는 무엇인가요?(복수선택 가능),17. '코미디'에서 가장 흥미로운 주제는 무엇인가요?(복수선택 가능),18. '댄스'에서 가장 흥미로운 주제는 무엇인가요?(복수선택 가능),19. '영화/드라마'에서 가장 흥미로운 주제는 무엇인가요?(복수선택 가능),20. '엔터테인먼트/연예인'에서 가장 흥미로운 주제는 무엇인가요?(복수 선택 가능),21. '애니메이션'에서 가장 흥미로운 주제는 무엇인가요?(복수선택 가능)
4-12-2022 14:17:17,20대,남자,O,OTT,일일 1시간 이내,일상,2521,월 1회 이상,그렇다,-,친한 친구에게만,카카오톡,-,-,노래모음,"다양한 환경 체험, 각종 지식, 정보 이야기하기",밈,일반인 댄스,영화/드라마 리뷰 또는 소개,인기 연예인과 함께 출연하기,코스프레
4-11-2022 19:02:17,20대,남자,O,"OTT, 영상",일일 3~6시간,"음악, 코미디, 영화, 스포츠",ufc,없음,보통이다,.,친한 친구에게만,카카오톡,.,.,노래모음,요리,"꽁트, 엽기적인 영상",춤 연습,명대사 따라하기,인기 연예인과 함께 출연하기,따라하기
4-11-2022 23:09:02,20대,남자,O,"SNS, OTT, 영상",일일 3~6시간,"음악, 코미디, 일상, 예능",일상,월 1회 이상,그렇다,흔적을 남기는 느낌이라,지인에게만,인스타그램,.,.,"원하는 외모와 목소리로 노래하기, 라이브로 실시간 공연, 악기 연주","다양한 환경 체험, 요리, 다양한 팁, 각종 지식, 정보 이야기하기","꽁트, 밈, 공감되는 영상, 기획 프로그램(가짜사나이, 머니게임 등)","춤 연습, 스트릿 댄스, 콜라보","영화/드라마 속 인물이 되어보기, 영화/드라마 리뷰 또는 소개, 비하인드 스토리","인기 연예인과 함께 출연하기, 유명인의 패션 ,헤어,메이크업 체험하기, 유명인의 V-LOG, 합방",코스프레
4-12-2022 17:39:08,20대,남자,O,"SNS, 영상",일일 1시간 이내,"음악, 일상, 영화, 스포츠",이스타티비(축구영상),없음,그렇지 않다,딱히 필요성을 못느껴서,지인에게만,인스타그램,....더 키가 크게?,큰 키로 축구할 때 헤딩?,커버 곡,"각종 지식, 정보 이야기하기, 운동, 평소에 보여주지 못 한 모습 보여주기","꽁트, 밈, 공감되는 영상",무대에 서기,"영화/드라마 리뷰 또는 소개, 비하인드 스토리",딱히 없음,딱히 없음
4-11-2022 18:40:27,30대,남자,X,영상,일일 1~3시간,스포츠,FC AWAY 경기 영상,없음,매우 그렇지 않다,사진이 내 얼굴을 담지 못함.,지인에게만,카카오톡,10년 전 내 모습,축구,원곡 그대로 듣기,운동,밈,스트릿 댄스,"명대사 따라하기, 패건들지마 손모가지 날아가붕게","유명인의 패션 ,헤어,메이크업 체험하기","특정 애니메이션에 내가 원하는 목소리, 대사 적용하기"
4-12-2022 15:48:14,20대,남자,O,"SNS, 영상",일일 1~3시간,"음악, 코미디",ufc 페더급 타이틀전 정찬성 vs 볼카노프스키 ,월 1회 이상,그렇다,기록,지인에게만,인스타그램,골격근량 45kg,3대 500,"원하는 외모와 목소리로 노래하기, 듀엣, 악기 연주","요리, 각종 지식, 정보 이야기하기, 운동","꽁트, 밈",스트릿 댄스,명대사 따라하기,유명인 되어보기,코스프레
4-11-2022 21:03:30,20대,여자,O,"SNS, OTT, 영상",일일 1~3시간,"일상, 영화, 예능",하버드 대학생의 하루,월 1회 이상,그렇다,사진이 잘 나오면 자랑하고 싶어요,지인에게만,인스타그램,교정 초기로 바꾸고 싶어요,딱히 없어요,"원하는 외모와 목소리로 노래하기, 라이브로 실시간 공연, 커버 곡, 노래모음","다양한 환경 체험, 다양한 팁, 각종 지식, 정보 이야기하기, 평소에 보여주지 못 한 모습 보여주기","엽기적인 영상, 밈, 공감되는 영상","무대에 서기, 스트릿 댄스, 콜라보","영화/드라마 속 인물이 되어보기, 영화/드라마 리뷰 또는 소개, 비하인드 스토리","유명인 되어보기, 인기 연예인과 함께 출연하기, 유명인의 패션 ,헤어,메이크업 체험하기, 유명인의 V-LOG, 합방","따라하기, 특정 애니메이션에 내가 원하는 목소리, 대사 적용하기, 코스프레"
4-12-2022 18:33:57,20대,남자,O,"SNS, 영상, 금융",일일 1~3시간,"음악, 예능",빵집탐방 및 빵 먹방,주 1회 이상,보통이다,인스타그램에 일상을 가끔 올린다. 일상공유 차원인 것 같다.,지인에게만,인스타그램,귀여운 동물 캐릭터로,내 모습을 제외한 내가 경험하고 있는 주변의 것들만 공유하기,"악기 연주, 커버 곡","요리, 다양한 팁, 각종 지식, 정보 이야기하기","공감되는 영상, 기획 프로그램(가짜사나이, 머니게임 등)",스트릿 댄스,"영화/드라마 리뷰 또는 소개, 비하인드 스토리",유명인의 V-LOG,"특정 애니메이션에 내가 원하는 목소리, 대사 적용하기"
4-11-2022 18:50:22,20대,여자,O,"게임, SNS, OTT, 영상, 금융, 쇼핑",일일 1~3시간,"음악, 댄스, 코미디, 일상, 영화, 예능",틱톡에서 도마뱀이 곤충먹는 영상,없음,그렇지 않다,노관심,친한 친구에게만,인스타그램,귀엽고 깜찍하게ㅋㅋㅋㅋ,킹카가 되야지 ㅋㅋㅋㅋㅋ,"원하는 외모와 목소리로 노래하기, 듀엣, 악기 연주, 커버 곡, 노래모음","다양한 환경 체험, 요리","꽁트, 엽기적인 영상, 몰래카메라, 기획 프로그램(가짜사나이, 머니게임 등)","춤 연습, 무대에 서기, 같이 춤추기, 스트릿 댄스, 콜라보, 일반인 댄스",비하인드 스토리,인기 연예인과 함께 출연하기,따라하기
4-11-2022 18:57:58,20대,남자,O,"게임, SNS, 영상",일일 3~6시간,"스포츠, 예능",이스타티비 퀴즈쇼,없음,매우 그렇지 않다,내가 나오는걸 보기가 싫어서 안 올립니다,친한 친구에게만,카카오톡,그냥 평균정도로만 생겼으면 좋겠습니다,연애…?,"라이브로 실시간 공연, 노래모음",운동,"슬랩스틱, 밈","무대에 서기, 일반인 댄스","영화/드라마 리뷰 또는 소개, 비하인드 스토리","유명인의 V-LOG, 합방",잘 모르겠습니다
4-11-2022 20:13:27,20대,여자,O,"SNS, OTT, 영상, 쇼핑",일일 3~6시간,"음악, 코미디, 일상, 예능",드라마 스물다섯 스물하나,없음,그렇지 않다,얼굴 찍는 게 부담스러움,친한 친구에게만,카카오톡,그냥 피부가 깨끗해지고 코가 높아지면 좋겠다 정도?,딱히 없는데요...;;;,"라이브로 실시간 공연, 노래모음","다양한 환경 체험, 요리, 다양한 팁, 각종 지식, 정보 이야기하기, 평소에 보여주지 못 한 모습 보여주기","꽁트, 밈, 공감되는 영상","춤 연습, 무대에 서기, 콜라보","영화/드라마 평론가 되기, 영화/드라마 리뷰 또는 소개, 비하인드 스토리","인기 연예인과 함께 출연하기, 유명인의 패션 ,헤어,메이크업 체험하기, 합방","특정 애니메이션에 내가 원하는 목소리, 대사 적용하기"
4-12-2022 22:24:31,20대,남자,X,"SNS, OTT",일일 1~3시간,"일상, 영화, 스포츠",인스타 릴스,월 1회 이상,보통이다,부담스럽다,나에게만,카카오톡,그런 생각은 안해본거 같아요,없어요 ㅠㅠ,"원하는 외모와 목소리로 노래하기, 라이브로 실시간 공연","요리, 운동","꽁트, 밈, 공감되는 영상",일반인 댄스,"영화/드라마 리뷰 또는 소개, 비하인드 스토리",유명인의 V-LOG,옶음
4-11-2022 21:31:33,20대,여자,O,"SNS, 영상, 금융",일일 6~10시간,"음악, 댄스, 예능",런닝맨 클립,월 1회 이상,매우 그렇지 않다,모르는 사람에게 얼굴 노출되는게 싫어서,나에게만,카카오톡,나의 주장을 자유롭게 펼치는 사람,토론 대회,"커버 곡, 노래모음","요리, 다양한 팁, 각종 지식, 정보 이야기하기, 운동","꽁트, 기획 프로그램(가짜사나이, 머니게임 등)","춤 연습, 무대에 서기, 같이 춤추기, 일반인 댄스",영화/드라마 리뷰 또는 소개,유명인의 V-LOG,명장면
4-11-2022 19:40:50,20대,여자,X,SNS,일일 10시간 초과,"음악, 영화",미드나잇 선 영화,주 3회 이상,매우 그렇지 않다,찍힌 내 모습이 마음에 안들어서,친한 친구에게만,카카오톡,날씬,옷쇼핑해서 놀러가기,"라이브로 실시간 공연, 커버 곡, 노래모음","다양한 환경 체험, 요리","꽁트, 엽기적인 영상",스트릿 댄스,"영화/드라마 속 인물이 되어보기, 영화/드라마 리뷰 또는 소개","인기 연예인과 함께 출연하기, 유명인의 V-LOG","특정 애니메이션에 내가 원하는 목소리, 대사 적용하기"
4-11-2022 18:49:42,30대,남자,X,SNS,일일 1시간 이내,스포츠,EPL,월 1회 이상,보통이다,남들에게 일상을 알리고 싶은 마음,지인에게만,인스타그램,남들이 우러러 볼 수 있게,대통령,노래모음,"운동, 평소에 보여주지 못 한 모습 보여주기","슬랩스틱, 공감되는 영상",무대에 서기,영화/드라마 평론가 되기,인기 연예인과 함께 출연하기,"특정 애니메이션에 내가 원하는 목소리, 대사 적용하기"
4-11-2022 19:04:39,20대,남자,O,"SNS, 영상",일일 3~6시간,"음악, 코미디, 스포츠, 예능",18/19 UCL 준결승 리버풀 vs 바르셀로나 2차전,없음,보통이다,큰 관심이 생기지 않아서,친한 친구에게만,카카오톡,내 주변사람들이 창피해 하지 않게,당당하게걷기,"커버 곡, 노래모음","다양한 환경 체험, 운동","꽁트, 밈, 공감되는 영상",스트릿 댄스,비하인드 스토리,"유명인의 패션 ,헤어,메이크업 체험하기",따라하기
4-11-2022 22:29:46,20대,여자,O,"SNS, 영상",일일 3~6시간,"음악, 코미디, 일상","음악방송 무대영상, 숏박스",없음,보통이다,사진은 가끔찍긴 하지만 즐겨하진 않음,지인에게만,카카오톡,내가 원하는 스타일의 얼굴로 바꾸기,바꾼모습으로 사진찍기,노래모음,"다양한 팁, 각종 지식, 정보 이야기하기","꽁트, 공감되는 영상",무대에 서기,"영화/드라마 리뷰 또는 소개, 비하인드 스토리","유명인의 패션 ,헤어,메이크업 체험하기, 유명인의 V-LOG",따라하기
4-12-2022 12:48:59,20대,남자,X,"SNS, 영상, 금융, 쇼핑",일일 1~3시간,"음악, 스포츠, 예능",정찬성vs볼카 타이틀전,없음,그렇다,일생 기록을 남길 수 있어서,나에게만,인스타그램,내성적인 성격을 외향적인 성격으로 개선,소모임 참석. 단체 활동 참여,원하는 외모와 목소리로 노래하기,"요리, 다양한 팁, 각종 지식, 정보 이야기하기","몰래카메라, 기획 프로그램(가짜사나이, 머니게임 등)",스트릿 댄스,"명대사 따라하기, 영화/드라마 리뷰 또는 소개",합방,"특정 애니메이션에 내가 원하는 목소리, 대사 적용하기"
4-11-2022 18:41:16,30대,남자,X,"SNS, 영상",일일 1~3시간,"음악, 코미디, 스포츠, 예능",SNL,주 1회 이상,그렇다,그냥 일기장깉은곳이라서,지인에게만,인스타그램,누가봐도잘생김,섹스,노래모음,다양한 팁,공감되는 영상,스트릿 댄스,영화/드라마 리뷰 또는 소개,인기 연예인과 함께 출연하기,코스프레
4-11-2022 20:08:51,20대,여자,X,영상,일일 1~3시간,"음악, 댄스, 스포츠, 예능, 애니",요리하는 유튜브 숏폼 영상,없음,그렇지 않다,영상 속에서 내 모습을 보는 것이 어색하고 민망해서,친한 친구에게만,카카오톡,다이어트,딱히 해보고 싶은 건 없다,노래모음,"각종 지식, 정보 이야기하기","공감되는 영상, 몰래카메라",무대에 서기,"영화/드라마 리뷰 또는 소개, 비하인드 스토리","유명인의 패션 ,헤어,메이크업 체험하기","특정 애니메이션에 내가 원하는 목소리, 대사 적용하기"
4-11-2022 20:37:01,20대,여자,X,구글/사파리 등 인터넷 브라우저,일일 3~6시간,글,기억이 안남..?,월 1회 이상,그렇지 않다,얼굴이 모르는 사람들에게 공개되는 것이 싫어서,나에게만,인스타그램,다이어트!,예쁜 옷 입기!,"라이브로 실시간 공연, 악기 연주","요리, 취미생활","꽁트, 밈",스트릿 댄스,영화/드라마 리뷰 또는 소개,관심이 없음,관심이 없음
4-12-2022 14:41:11,20대,여자,O,"SNS, OTT, 영상, 금융, 쇼핑",일일 3~6시간,"음악, 댄스, 코미디, 일상",침착맨,주 1회 이상,매우 그렇지 않다,부끄러움,친한 친구에게만,카카오톡,다이어트..?,연애,"커버 곡, 노래모음",요리,꽁트,춤 연습,영화/드라마 리뷰 또는 소개,유명인의 V-LOG,코스프레
4-12-2022 14:40:30,20대,남자,O,"SNS, 영상",일일 3~6시간,"코미디, 스포츠",쇼트트랙 세계선수권,월 1회 이상,보통이다,관심없음,친한 친구에게만,인스타그램,더 관종으로,관종짓,원하는 외모와 목소리로 노래하기,다양한 환경 체험,"밈, 몰래카메라",스트릿 댄스,영화/드라마 리뷰 또는 소개,유명인의 V-LOG,"특정 애니메이션에 내가 원하는 목소리, 대사 적용하기"
4-11-2022 22:03:12,20대,여자,O,SNS,일일 1~3시간,코미디,경제,없음,보통이다,"sns 업로드
",친한 친구에게만,카카오톡,더 스마트하게,많은 사람들한테 응원받기,노래모음,다양한 환경 체험,밈,무대에 서기,명대사 따라하기,유명인 되어보기,코스프레
4-12-2022 17:01:21,20대,여자,O,"SNS, OTT, 영상",일일 3~6시간,음악,그랜드 부다페스트 호텔,주 3회 이상,그렇지 않다,특별한 일을 하는 경우가 아니면 남기는 이유를 모르겠음,가족에게만,카카오톡,딱히 바꾸고 싶다고 느낀 적이 없음,"
크게 해 보고 싶은 일은 없음","원하는 외모와 목소리로 노래하기, 라이브로 실시간 공연","요리, 각종 지식, 정보 이야기하기","꽁트, 밈","춤 연습, 무대에 서기",영화/드라마 리뷰 또는 소개,"유명인의 패션 ,헤어,메이크업 체험하기",명장면 클립
4-12-2022 13:49:08,20대,남자,O,"SNS, 영상",일일 1~3시간,"음악, 코미디, 스포츠, 예능",개그 - 음뫄 핫소스,주 3회 이상,그렇다,추억을 남기기에는 사진이 좋다고 생각하기 때문입니다. ,친한 친구에게만,카카오톡,딱히 생각해보지 않았습니다. ,사진 많이 찍기...?,"원하는 외모와 목소리로 노래하기, 악기 연주","다양한 환경 체험, 각종 지식, 정보 이야기하기, 운동, 평소에 보여주지 못 한 모습 보여주기","엽기적인 영상, 밈, 몰래카메라, 기획 프로그램(가짜사나이, 머니게임 등)",춤 연습,"영화/드라마 리뷰 또는 소개, 비하인드 스토리","유명인 되어보기, 인기 연예인과 함께 출연하기, 합방","따라하기, 특정 애니메이션에 내가 원하는 목소리, 대사 적용하기"
4-11-2022 22:31:06,20대,남자,O,"SNS, 영상, 금융, 배달어플",일일 3~6시간,"스포츠, 예능",정찬성 볼카노프스키 페더급 타이틀전 하이라이트,없음,그렇지 않다,귀찮고 무관심함,지인에게만,카카오톡,딱히 없지만 목소리가 조금 더 굵었으면 좋겠다,딱히 없음,라이브로 실시간 공연,"다양한 팁, 각종 지식, 정보 이야기하기, 운동","기획 프로그램(가짜사나이, 머니게임 등)",콜라보,영화/드라마 리뷰 또는 소개,유명인의 V-LOG,"추억의 짱구는 못말려,명탐정 코난 극장판 다시보기"
4-11-2022 19:06:49,30대,남자,X,"게임, 영상, 쇼핑",일일 1시간 이내,스포츠,축구영상,월 1회 이상,보통이다,그냥 일상 기록,지인에게만,인스타그램,딱히없다 만족하면서 삼,해당없음,"악기 연주, 커버 곡","각종 지식, 정보 이야기하기, 운동","공감되는 영상, 몰래카메라",스트릿 댄스,영화/드라마 리뷰 또는 소개,"인기 연예인과 함께 출연하기, 유명인의 패션 ,헤어,메이크업 체험하기","특정 애니메이션에 내가 원하는 목소리, 대사 적용하기"
4-11-2022 19:52:58,20대,남자,O,"게임, SNS",일일 1~3시간,음악,명탐정코난,없음,그렇지 않다,친구 한명이 이런거 많이 올리는 사람 정 떨어진다고 한적이 있어서요,친한 친구에게만,인스타그램,마른 몸과 빠른 속도 잘생긴 얼굴,축구할때 윙어 해보고 싶어요..,"라이브로 실시간 공연, 저는 일본 노래 좋아해요","운동, 평소에 보여주지 못 한 모습 보여주기","기획 프로그램(가짜사나이, 머니게임 등)","스트릿 댄스, 일반인 댄스","명대사 따라하기, 영화/드라마 속 인물이 되어보기","인기 연예인과 함께 출연하기, 유명인의 패션 ,헤어,메이크업 체험하기",나무위키를 통해 그 애니메이션을 복습하기
4-11-2022 18:33:07,30대,남자,X,"SNS, 영상",일일 1~3시간,"음악, 일상, 스포츠",그것이 알고싶다,월 1회 이상,매우 그렇다,취미생활,모두에게,인스타그램,마른체형,인터넷 방송,"커버 곡, 노래모음",운동,"밈, 기획 프로그램(가짜사나이, 머니게임 등)",일반인 댄스,영화/드라마 리뷰 또는 소개,"유명인의 패션 ,헤어,메이크업 체험하기, 유명인의 V-LOG","특정 애니메이션에 내가 원하는 목소리, 대사 적용하기"
4-12-2022 14:05:23,20대,남자,O,영상,일일 1~3시간,예능,런닝맨,월 1회 이상,보통이다,사진찍는걸 많이 선호하지 않는다,친한 친구에게만,카카오톡,마른체형,다양한 옷을 입어본다,커버 곡,요리,엽기적인 영상,일반인 댄스,영화/드라마 리뷰 또는 소개,유명인의 V-LOG,따라하기
4-12-2022 13:11:44,20대,남자,X,"게임, 영상, 금융",일일 1~3시간,"댄스, 영화, 스포츠, 예능",침착맨 쇼츠,없음,그렇다,추억소장,친한 친구에게만,인스타그램,만족,없음,라이브로 실시간 공연,"각종 지식, 정보 이야기하기, 운동",밈,스트릿 댄스,영화/드라마 리뷰 또는 소개,"유명인의 패션 ,헤어,메이크업 체험하기","특정 애니메이션에 내가 원하는 목소리, 대사 적용하기"
4-12-2022 13:10:24,20대,남자,X,"SNS, OTT, 영상",일일 1~3시간,"음악, 코미디, 영화, 예능",Kevin hart - help me,없음,그렇지 않다,구낭,모두에게,카카오톡,멋잇게,카사노바,"라이브로 실시간 공연, 악기 연주, 커버 곡, 노래모음","다양한 팁, 각종 지식, 정보 이야기하기","꽁트, 엽기적인 영상, 슬랩스틱, 밈, 공감되는 영상, 몰래카메라, 기획 프로그램(가짜사나이, 머니게임 등)",스트릿 댄스,"명대사 따라하기, 영화/드라마 속 인물이 되어보기, 영화/드라마 평론가 되기, 영화/드라마 리뷰 또는 소개, 비하인드 스토리","인기 연예인과 함께 출연하기, 합방","특정 애니메이션에 내가 원하는 목소리, 대사 적용하기"
4-11-2022 18:49:10,20대,남자,O,영상,일일 1~3시간,예능,런닝맨,없음,보통이다,간직,친한 친구에게만,카카오톡,멋있게,놀기,라이브로 실시간 공연,요리,꽁트,스트릿 댄스,영화/드라마 리뷰 또는 소개,유명인 되어보기,따라하기
4-12-2022 13:58:37,20대,남자,O,영상,일일 1~3시간,"영화, 스포츠",골프,월 1회 이상,보통이다,관심 없음,지인에게만,인스타그램,멋있게,딱히 없음,노래모음,"요리, 운동",공감되는 영상,일반인 댄스,영화/드라마 리뷰 또는 소개,인기 연예인과 함께 출연하기,"특정 애니메이션에 내가 원하는 목소리, 대사 적용하기"
4-11-2022 18:36:40,30대,남자,X,"OTT, 영상, 금융",일일 1~3시간,"영화, 스포츠",소년심판,없음,매우 그렇지 않다,내자신이소중해서,가족에게만,카카오톡,멋있는사람,셀럽,커버 곡,"요리, 운동",꽁트,춤 연습,"명대사 따라하기, 영화/드라마 리뷰 또는 소개",인기 연예인과 함께 출연하기,따라하기
4-11-2022 19:35:29,30대,남자,X,"금융, 쇼핑",일일 1시간 이내,"음악, 일상, 영화, 스포츠",없음,월 1회 이상,보통이다,.,모두에게,인스타그램,멋지게,연애,"원하는 외모와 목소리로 노래하기, 라이브로 실시간 공연","각종 지식, 정보 이야기하기","꽁트, 몰래카메라","무대에 서기, 콜라보",영화/드라마 평론가 되기,인기 연예인과 함께 출연하기,따라하기
4-12-2022 18:08:52,20대,남자,X,"영상, 쇼핑, 교육",일일 1~3시간,"코미디, 일상, 스포츠, 예능",브랜드 소개 영상,없음,보통이다,필요성을 느끼지 못해서,나에게만,카카오톡,모델같은 신체로 바꾸고 싶다,슈트입기,커버 곡,"각종 지식, 정보 이야기하기, 운동",공감되는 영상,일반인 댄스,"영화/드라마 평론가 되기, 영화/드라마 리뷰 또는 소개, 비하인드 스토리",애장품 소개,줄거리 추측
4-12-2022 18:42:31,20대,남자,O,SNS,일일 1~3시간,음악,Ufc,월 1회 이상,보통이다,근황 공유,지인에게만,인스타그램,몽키D루피,기어 5th,노래모음,"각종 지식, 정보 이야기하기",공감되는 영상,일반인 댄스,영화/드라마 리뷰 또는 소개,유명인의 V-LOG,따라하기
4-11-2022 19:20:04,20대,남자,O,"SNS, 영상, 금융",일일 1~3시간,"음악, 댄스, 코미디, 예능",예쁘신 분들의 댄스~~ㅋㅋㅋ,월 1회 이상,보통이다,굳이?하지만 남는건 사진 동영상 이니까,지인에게만,인스타그램,뭔가 진실만 말할거 같은 얼굴로,사기,"라이브로 실시간 공연, 악기 연주, 커버 곡","요리, 각종 지식, 정보 이야기하기, 평소에 보여주지 못 한 모습 보여주기","꽁트, 공감되는 영상, 기획 프로그램(가짜사나이, 머니게임 등)","무대에 서기, 일반인 댄스","명대사 따라하기, 영화/드라마 리뷰 또는 소개, 비하인드 스토리",유명인의 V-LOG,존중은 해도 이해는 못하겠습니다ㅠ
4-11-2022 21:44:23,20대,여자,O,"게임, SNS, OTT",일일 1~3시간,"음악, 일상, 영화",배틀그라운드,월 1회 이상,그렇다,추억을 기억하는 용도이기 때문,지인에게만,인스타그램,바꾸고 싶지 않습니다,바꿀 수 있다면 뭐든,"악기 연주, 커버 곡","다양한 환경 체험, 평소에 보여주지 못 한 모습 보여주기",공감되는 영상,"춤 연습, 일반인 댄스",영화/드라마 속 인물이 되어보기,유명인의 V-LOG,"따라하기, 코스프레"
4-11-2022 18:39:24,20대,여자,O,"SNS, OTT, 영상",일일 1~3시간,"일상, 예능",알쓸범잡 꼬꼬무 ,주 1회 이상,그렇지 않다,부끄러워서 ,지인에게만,인스타그램,바꾸고 싶진 않아요~,바꾸고 싶지 않아요~,"악기 연주, 노래모음",요리,공감되는 영상,콜라보,비하인드 스토리,유명인의 V-LOG,"특정 애니메이션에 내가 원하는 목소리, 대사 적용하기"
4-12-2022 13:58:18,20대,남자,O,"SNS, OTT, 영상, 금융",일일 6~10시간,"음악, 영화, 스포츠","숏박스, 너덜트 유튜브",월 1회 이상,매우 그렇다,폼생폼사,모두에게,인스타그램,박재범,아이유 피쳐링,원하는 외모와 목소리로 노래하기,"요리, 다양한 팁, 각종 지식, 정보 이야기하기, 운동",공감되는 영상,"춤 연습, 무대에 서기, 같이 춤추기",영화/드라마 리뷰 또는 소개,인기 연예인과 함께 출연하기,"특정 애니메이션에 내가 원하는 목소리, 대사 적용하기"
4-12-2022 17:17:31,20대,여자,X,SNS,일일 1~3시간,"음악, 일상, 애니","애니메이션,, 나츠메 우인장,,",매일,매우 그렇다,일상 기록,모두에게,인스타그램,발레아쥬 염색!,방구석 패션쇼!,"커버 곡, 노래모음","다양한 환경 체험, 요리, 다양한 팁, 각종 지식, 정보 이야기하기, 운동, 평소에 보여주지 못 한 모습 보여주기","꽁트, 공감되는 영상, 기획 프로그램(가짜사나이, 머니게임 등)","스트릿 댄스, 콜라보",영화/드라마 리뷰 또는 소개,합방,시청
4-11-2022 18:50:59,30대,남자,X,"SNS, OTT, 영상",일일 1~3시간,"코미디, 영화, 스포츠, 예능",스물다섯 스물하나,없음,보통이다,귀찮아서,지인에게만,카카오톡,벌크업,축구,"라이브로 실시간 공연, 커버 곡",운동,"밈, 공감되는 영상",콜라보,"명대사 따라하기, 영화/드라마 리뷰 또는 소개","유명인의 V-LOG, 합방",따라하기
4-11-2022 18:41:17,20대,여자,X,"SNS, 영상, 금융, 쇼핑",일일 6~10시간,"음악, 일상, 예능",츠키 직캠,월 1회 이상,그렇지 않다,내 얼굴이 나오는것을 꺼림,가족에게만,카카오톡,별로 안바꾸고 싶음,굳이 안바꿔도 할 수 있을거 같음,"라이브로 실시간 공연, 커버 곡","요리, 다양한 팁","엽기적인 영상, 기획 프로그램(가짜사나이, 머니게임 등)","춤 연습, 무대에 서기","영화/드라마 리뷰 또는 소개, 비하인드 스토리","유명인의 패션 ,헤어,메이크업 체험하기, 유명인의 V-LOG",따라하기
4-11-2022 19:14:28,20대,남자,O,SNS,일일 3~6시간,"코미디, 일상, 스포츠, 예능",Ufc ,주 3회 이상,그렇다,남는건 사진뿐,친한 친구에게만,인스타그램,보기젛게,연애,"원하는 외모와 목소리로 노래하기, 듀엣, 라이브로 실시간 공연","다양한 환경 체험, 각종 지식, 정보 이야기하기","꽁트, 공감되는 영상, 기획 프로그램(가짜사나이, 머니게임 등)",일반인 댄스,영화/드라마 평론가 되기,유명인 되어보기,안봅니다ㅜ
4-12-2022 14:06:13,20대,여자,O,"SNS, OTT, 영상, 금융, 쇼핑",일일 6~10시간,"음악, 일상, 예능",태연 fine 무반주 라이브,월 1회 이상,그렇지 않다,민망합니다ㅠㅠ,지인에게만,카카오톡,사진에 예쁘게 나오면 좋겠습니다,인스타 매일 업로드하기 ,"원하는 외모와 목소리로 노래하기, 라이브로 실시간 공연",다양한 환경 체험,"꽁트, 기획 프로그램(가짜사나이, 머니게임 등)",무대에 서기,"영화/드라마 리뷰 또는 소개, 비하인드 스토리","유명인의 패션 ,헤어,메이크업 체험하기, 유명인의 V-LOG",따라하기
4-11-2022 18:55:47,20대,남자,O,SNS,일일 1시간 이내,"음악, 영화, 스포츠",미스터션샤인,없음,보통이다,그냥 귀찮아서,지인에게만,인스타그램,살 좀 빼고싶네요,연애?,악기 연주,"운동, 평소에 보여주지 못 한 모습 보여주기",안좋아함,안좋아함,영화/드라마 리뷰 또는 소개,인기 연예인과 함께 출연하기,"특정 애니메이션에 내가 원하는 목소리, 대사 적용하기"
4-11-2022 19:59:08,20대,여자,X,"게임, SNS, OTT, 영상",일일 6~10시간,"음악, 댄스, 예능",연애의참견,없음,그렇지 않다,귀찮아서,친한 친구에게만,카카오톡,살빼고 싶다,잘 모르겠다,"원하는 외모와 목소리로 노래하기, 라이브로 실시간 공연, 커버 곡",요리,"엽기적인 영상, 밈, 기획 프로그램(가짜사나이, 머니게임 등)","무대에 서기, 일반인 댄스","영화/드라마 리뷰 또는 소개, 비하인드 스토리",유명인의 V-LOG,따라하기
4-12-2022 13:08:46,20대,남자,X,영상,일일 1~3시간,"예능, 애니",페이커 미친무빙,없음,매우 그렇지 않다,부끄러워요,친한 친구에게만,카카오톡,서강준,연애,커버 곡,"요리, 다양한 팁",공감되는 영상,콜라보,명대사 따라하기,유명인 되어보기,애니는 그냥 보기만하는게..
4-12-2022 19:11:26,20대,여자,O,"SNS, 영상, 금융",일일 3~6시간,"음악, 일상, 예능",일상 브이로그,없음,그렇다,추억남기기,모두에게,인스타그램,성숙한 모습,자주 사진관에서 사진찍기,"커버 곡, 노래모음","요리, 다양한 팁, 각종 지식, 정보 이야기하기","꽁트, 엽기적인 영상, 밈","무대에 서기, 콜라보","명대사 따라하기, 비하인드 스토리","인기 연예인과 함께 출연하기, 유명인의 V-LOG","특정 애니메이션에 내가 원하는 목소리, 대사 적용하기"
4-12-2022 14:12:20,20대,여자,O,"SNS, 영상",일일 3~6시간,"음악, 일상",봄 노래 플레이리스트,월 1회 이상,그렇지 않다,부끄럽다,친한 친구에게만,인스타그램,세보이는 인상을 갖고 싶다,딱히 없다 ,노래모음,요리,공감되는 영상,"춤 연습, 무대에 서기","영화/드라마 리뷰 또는 소개, 비하인드 스토리","인기 연예인과 함께 출연하기, 유명인의 패션 ,헤어,메이크업 체험하기",내용 요약 영상
4-12-2022 14:04:43,20대,남자,O,"SNS, OTT, 영상",일일 3~6시간,"코미디, 일상, 영화, 스포츠, 예능",넷플릭스나 최신영화 리뷰-유튜브,주 1회 이상,그렇다,내 일상을 공유하기 위해서,지인에게만,인스타그램,송강,인기 드라마 출연 및 탑스타와 연애,"커버 곡, 노래모음","각종 지식, 정보 이야기하기, 운동","꽁트, 밈, 몰래카메라, 기획 프로그램(가짜사나이, 머니게임 등)","스트릿 댄스, 일반인 댄스","명대사 따라하기, 영화/드라마 리뷰 또는 소개, 비하인드 스토리","인기 연예인과 함께 출연하기, 유명인의 V-LOG, 합방",따라하기
4-11-2022 19:00:38,30대,남자,X,"게임, SNS, OTT, 영상, 금융, 쇼핑, 교육",일일 1~3시간,"음악, 댄스, 스포츠, 예능",ㅇ,월 1회 이상,그렇지 않다,ㅇ,친한 친구에게만,카카오톡,ㅇ,ㅇ,"원하는 외모와 목소리로 노래하기, 듀엣","다양한 환경 체험, 각종 지식, 정보 이야기하기, 운동","꽁트, 엽기적인 영상, 몰래카메라","같이 춤추기, 스트릿 댄스, 콜라보","명대사 따라하기, 영화/드라마 속 인물이 되어보기, 영화/드라마 평론가 되기","유명인 되어보기, 인기 연예인과 함께 출연하기","따라하기, 코스프레"
4-11-2022 19:10:19,30대,남자,X,"SNS, OTT, 영상",일일 1~3시간,"일상, 스포츠",여행가제이(유튜브채널),없음,그렇지 않다,어색함.,지인에게만,카카오톡,아름답게,배우,"원하는 외모와 목소리로 노래하기, 라이브로 실시간 공연, 악기 연주","다양한 환경 체험, 요리, 운동","꽁트, 공감되는 영상, 기획 프로그램(가짜사나이, 머니게임 등)","무대에 서기, 스트릿 댄스, 콜라보","명대사 따라하기, 영화/드라마 속 인물이 되어보기","유명인 되어보기, 유명인의 V-LOG","특정 애니메이션에 내가 원하는 목소리, 대사 적용하기"
4-11-2022 18:44:00,30대,남자,X,"게임, SNS, 영상, 금융, 쇼핑, 교육",일일 3~6시간,"음악, 일상, 영화, 스포츠, 예능",흥미위주(킬링타임)용 영상 or 전문가의 전문지식을 배울 수 있는 영상,월 1회 이상,그렇지 않다,내가 나오는 영상을 찍을 이유가 딱히 없음,친한 친구에게만,인스타그램,악기나 스포츠등의 전문가 수준의 영역을 만들기,유튜브 채널 개설,"원하는 외모와 목소리로 노래하기, 라이브로 실시간 공연, 악기 연주, 커버 곡, 노래모음","각종 지식, 정보 이야기하기, 운동, 평소에 보여주지 못 한 모습 보여주기","꽁트, 밈, 몰래카메라, 기획 프로그램(가짜사나이, 머니게임 등)",스트릿 댄스,"영화/드라마 리뷰 또는 소개, 비하인드 스토리","유명인의 패션 ,헤어,메이크업 체험하기, 유명인의 V-LOG",리뷰 및 요약영상
4-12-2022 14:03:49,20대,여자,X,"SNS, 영상",일일 1~3시간,"음악, 일상, 예능",(예능 다시보기) 1박 2일 김종민 - '따라해 보세요 가능한' ... '가능한 ~',월 1회 이상,보통이다,기록용으로 남기는건 좋습니다,모두에게,블로그,안바꾸고 싶어요,없습니다,노래모음,요리,공감되는 영상,콜라보,영화/드라마 리뷰 또는 소개,유명인의 V-LOG,흥미가 없습니다
4-12-2022 17:20:26,20대,남자,X,영상,일일 10시간 초과,애니,짱구,월 1회 이상,매우 그렇다,신기하다,친한 친구에게만,인스타그램,안바꾸고싶다,안바꿈,듀엣,"각종 지식, 정보 이야기하기",엽기적인 영상,"콜라보, 일반인 댄스","영화/드라마 속 인물이 되어보기, 영화/드라마 리뷰 또는 소개",인기 연예인과 함께 출연하기,따라하기
4-12-2022 10:18:03,20대,남자,O,"SNS, OTT, 영상",일일 6~10시간,"음악, 댄스, 예능",뮤직비디오,월 1회 이상,매우 그렇다,자기애 충만,모두에게,인스타그램,안바꾼다,안바꿀래요,"원하는 외모와 목소리로 노래하기, 커버 곡","다양한 환경 체험, 다양한 팁",엽기적인 영상,"춤 연습, 무대에 서기, 스트릿 댄스",비하인드 스토리,"유명인 되어보기, 인기 연예인과 함께 출연하기, 유명인의 V-LOG","특정 애니메이션에 내가 원하는 목소리, 대사 적용하기"
4-11-2022 19:07:25,20대,남자,O,"SNS, 영상, 금융, 쇼핑",일일 3~6시간,"음악, 코미디, 일상, 스포츠",당구영상,월 1회 이상,그렇다,일상 공유 좋아함,친한 친구에게만,카카오톡,안바꿔도 될듯,딱히 생각해본적은 없어요,원하는 외모와 목소리로 노래하기,"다양한 팁, 각종 지식, 정보 이야기하기, 운동",공감되는 영상,스트릿 댄스,영화/드라마 리뷰 또는 소개,"유명인 되어보기, 인기 연예인과 함께 출연하기, 유명인의 패션 ,헤어,메이크업 체험하기, 유명인의 V-LOG",애니에 흥미 없어요
4-11-2022 18:42:32,30대,남자,X,"게임, SNS, OTT, 영상, 금융, 쇼핑, 교육",일일 1~3시간,"음악, 코미디, 영화, 스포츠, 예능",런닝맨,주 1회 이상,매우 그렇다,sns 좋아함,친한 친구에게만,블로그,어려보이게,없음,원하는 외모와 목소리로 노래하기,평소에 보여주지 못 한 모습 보여주기,꽁트,"춤 연습, 스트릿 댄스, 콜라보, 일반인 댄스","명대사 따라하기, 영화/드라마 속 인물이 되어보기, 영화/드라마 리뷰 또는 소개",인기 연예인과 함께 출연하기,"따라하기, 특정 애니메이션에 내가 원하는 목소리, 대사 적용하기, 코스프레"
4-11-2022 19:01:03,20대,남자,O,"SNS, 영상",일일 3~6시간,"음악, 스포츠",드럼치러가니 - Welcome to the Black Parade Drum Cover,월 1회 이상,그렇다,추억 저장,지인에게만,인스타그램,여성으로,상상에맡김,악기 연주,운동,꽁트,스트릿 댄스,영화/드라마 리뷰 또는 소개,인기 연예인과 함께 출연하기,코스프레
4-12-2022 13:59:20,20대,여자,O,"SNS, OTT, 영상",일일 6~10시간,"음악, 일상, 영화, 스포츠",영화,주 1회 이상,매우 그렇다,기록 남기는 것이 좋다,친한 친구에게만,블로그,연예인처럼,길거리 돌아다니기,"악기 연주, 커버 곡, 노래모음","다양한 환경 체험, 각종 지식, 정보 이야기하기","꽁트, 기획 프로그램(가짜사나이, 머니게임 등)",콜라보,영화/드라마 리뷰 또는 소개,"유명인의 패션 ,헤어,메이크업 체험하기","특정 애니메이션에 내가 원하는 목소리, 대사 적용하기"
4-11-2022 18:53:54,20대,남자,O,"SNS, 영상, 금융, 교육",일일 1~3시간,"음악, 댄스, 예능",테니스,주 3회 이상,그렇지 않다,풍경사진을 찍는 것을 더 선호함,지인에게만,인스타그램,연예인처럼 생기기,광고나 TV 출연으로 돈 벌기,"원하는 외모와 목소리로 노래하기, 라이브로 실시간 공연, 커버 곡, 노래모음","다양한 환경 체험, 요리, 다양한 팁, 운동","밈, 공감되는 영상","춤 연습, 무대에 서기, 콜라보","영화/드라마 리뷰 또는 소개, 비하인드 스토리","유명인 되어보기, 인기 연예인과 함께 출연하기, 유명인의 V-LOG",따라하기
4-12-2022 20:48:26,20대,여자,O,"SNS, 영상",일일 3~6시간,"음악, 댄스, 일상, 애니",유튜버 핫소스 ~,월 1회 이상,그렇다,추억,지인에게만,인스타그램,예쁘게,셀카 찍기,노래모음,다양한 환경 체험,엽기적인 영상,춤 연습,영화/드라마 리뷰 또는 소개,인기 연예인과 함께 출연하기,"따라하기, 특정 애니메이션에 내가 원하는 목소리, 대사 적용하기"
4-11-2022 19:11:32,20대,여자,X,"게임, SNS, OTT, 영상, 금융, 쇼핑",일일 3~6시간,"음악, 댄스, 일상, 영화, 예능",브이로그,주 1회 이상,그렇다,생존신고..?,모두에게,카카오톡,예쁘게~,sns스타,노래모음,"요리, 다양한 팁","공감되는 영상, 몰래카메라, 기획 프로그램(가짜사나이, 머니게임 등)","춤 연습, 무대에 서기","영화/드라마 리뷰 또는 소개, 비하인드 스토리","유명인 되어보기, 인기 연예인과 함께 출연하기, 유명인의 패션 ,헤어,메이크업 체험하기, 유명인의 V-LOG, 합방","특정 애니메이션에 내가 원하는 목소리, 대사 적용하기"
4-11-2022 18:46:59,20대,남자,X,"게임, SNS, OTT, 영상, 금융, 쇼핑",일일 3~6시간,"음악, 댄스, 코미디, 일상, 영화, 스포츠, 예능",유튜브 김영근,월 1회 이상,그렇지 않다,비밀,모두에게,인스타그램,원빈?,비밀,"원하는 외모와 목소리로 노래하기, 듀엣, 라이브로 실시간 공연, 악기 연주, 커버 곡, 노래모음","다양한 환경 체험, 요리, 다양한 팁, 각종 지식, 정보 이야기하기, 평소에 보여주지 못 한 모습 보여주기","꽁트, 엽기적인 영상, 밈, 공감되는 영상","스트릿 댄스, 콜라보, 일반인 댄스","영화/드라마 속 인물이 되어보기, 영화/드라마 평론가 되기, 영화/드라마 리뷰 또는 소개, 비하인드 스토리","유명인 되어보기, 인기 연예인과 함께 출연하기, 유명인의 패션 ,헤어,메이크업 체험하기, 유명인의 V-LOG, 합방",없습니다...
4-11-2022 19:00:34,20대,남자,O,영상,일일 1~3시간,"스포츠, 예능",손흥민 하이라이트,주 1회 이상,매우 그렇다,기록으로 남으니까,친한 친구에게만,카카오톡,유명 축구선수,하이라이트찍기,"원하는 외모와 목소리로 노래하기, 악기 연주, 커버 곡","다양한 팁, 각종 지식, 정보 이야기하기, 운동",밈,콜라보,영화/드라마 리뷰 또는 소개,합방,"특정 애니메이션에 내가 원하는 목소리, 대사 적용하기"
4-12-2022 14:04:08,20대,여자,O,영상,일일 1~3시간,"음악, 댄스, 일상, 예능",아이브 - love dive,주 3회 이상,매우 그렇다,공유하는게 재밌다,지인에게만,인스타그램,유튜브가 되어보고싶다,유튜브로 먹방 컨텐츠 찍고싶다,"라이브로 실시간 공연, 커버 곡, 노래모음","요리, 다양한 팁","꽁트, 공감되는 영상","춤 연습, 스트릿 댄스",비하인드 스토리,"유명인 되어보기, 유명인의 V-LOG","특정 애니메이션에 내가 원하는 목소리, 대사 적용하기"
4-11-2022 18:55:29,20대,남자,O,"게임, SNS, OTT, 영상",일일 1~3시간,"음악, 영화, 예능",유튜버 수탉의 게임영상,없음,그렇지 않다,사진 찍는걸 좋아하는 편이 아니다,친한 친구에게만,카카오톡,잘생기게,더 나대고 싶다,악기 연주,여유를 줄 수 있는 콘텐츠,공감되는 영상,콜라보,영화/드라마 리뷰 또는 소개,그들의 본업,따라하기
4-12-2022 14:08:35,20대,남자,O,"SNS, 금융",일일 1~3시간,"코미디, 영화, 스포츠",손흥민 하이라이트,월 1회 이상,그렇다,일상 기록 및 공유,지인에게만,인스타그램,잘생기게,많은 인기,악기 연주,"각종 지식, 정보 이야기하기","기획 프로그램(가짜사나이, 머니게임 등)",무대에 서기,영화/드라마 리뷰 또는 소개,유명인의 V-LOG,"특정 애니메이션에 내가 원하는 목소리, 대사 적용하기"
4-12-2022 14:03:43,20대,남자,O,"SNS, 영상",일일 3~6시간,"음악, 코미디, 일상, 스포츠, 예능",드랍 더 비트EP10,주 1회 이상,매우 그렇다,나를 표현하는 데 도움을 줄 수 있을 것 같아서,친한 친구에게만,인스타그램,잘생긴 외모,영화나 드라마에 출연해 보고싶다,노래모음,"다양한 환경 체험, 요리","꽁트, 공감되는 영상, 토크 쇼","춤 연습, 같이 춤추기, 스트릿 댄스","영화/드라마 속 인물이 되어보기, 비하인드 스토리","인기 연예인과 함께 출연하기, 유명인의 V-LOG",따라하기
4-11-2022 18:34:46,30대,남자,X,"SNS, OTT, 영상, 금융",일일 3~6시간,"스포츠, 예능",손흥민 하이라이트,월 1회 이상,그렇지 않다,그냥 ,지인에게만,인스타그램,재밌게,재미,"라이브로 실시간 공연, 노래모음","다양한 팁, 각종 지식, 정보 이야기하기, 운동","밈, 공감되는 영상, 기획 프로그램(가짜사나이, 머니게임 등)",스트릿 댄스,"영화/드라마 리뷰 또는 소개, 비하인드 스토리","유명인의 V-LOG, 합방","특정 애니메이션에 내가 원하는 목소리, 대사 적용하기"
4-12-2022 11:47:54,20대,남자,X,영상,일일 3~6시간,"음악, 스포츠, 게임",배그 맛잇게하는 놈 dg98,없음,보통이다,그냥 .... 나 나오는게 부끄러워서요,친한 친구에게만,카카오톡,저는 제가 좋습니다. 단지 축구를 더 잘하구 싶을뿐,손흥민,노래모음,게임,공감되는 영상,일반인 댄스,영화/드라마 리뷰 또는 소개,유명인의 V-LOG,애니메이션은 별루..
4-11-2022 20:10:54,20대,여자,X,"게임, OTT, 영상, 금융, 쇼핑",일일 6~10시간,"음악, 코미디, 영화, 예능, 드라마",드라마 스물다섯 스물하나,없음,보통이다,지금에만 나올 수 있는 내 모습을 나중에 보고싶어서,친한 친구에게만,카카오톡,조금 더 당당한 모습으로 바꾸고 싶다,사람들 앞에서 노래부르기,"악기 연주, 커버 곡, 노래모음","요리, 다양한 팁, 운동","꽁트, 엽기적인 영상, 밈, 공감되는 영상","스트릿 댄스, 일반인 댄스","명대사 따라하기, 영화/드라마 리뷰 또는 소개, 비하인드 스토리","유명인의 V-LOG, 합방",리뷰 또는 비하인드 스토리
4-12-2022 14:12:50,20대,남자,O,"SNS, OTT, 영상",일일 3~6시간,"코미디, 영화, 스포츠, 예능",이스타 티비 펩 vs 클롭,없음,그렇다,기록을 남기는 것을 좋아함,친한 친구에게만,카카오톡,조금 더 샤프하게,증명사진 찍고 싶어요,"라이브로 실시간 공연, 악기 연주","요리, 다양한 팁, 각종 지식, 정보 이야기하기, 운동","꽁트, 몰래카메라",스트릿 댄스,"영화/드라마 리뷰 또는 소개, 비하인드 스토리",유명인의 V-LOG,안봄
4-11-2022 19:58:48,20대,여자,O,"SNS, OTT, 영상",일일 3~6시간,"음악, 영화",다큐프라임이요!,월 1회 이상,그렇다,당시의 기록이니까요!,모두에게,인스타그램,조금 더 자신감 있게?,자신감 있게 제 꿈을 펼치고 싶어요,라이브로 실시간 공연,"각종 지식, 정보 이야기하기",공감되는 영상,같이 춤추기,"영화/드라마 평론가 되기, 영화/드라마 리뷰 또는 소개",인기 연예인과 함께 출연하기,"특정 애니메이션에 내가 원하는 목소리, 대사 적용하기"
4-11-2022 19:15:34,20대,남자,O,영상,일일 1~3시간,요리 게임,백종원의 요리교실,월 1회 이상,보통이다,사진찍는걸 많이 좋아하지 않습니다,친한 친구에게만,카카오톡,조금 마른체형,마른체형에 어울리는 옷을 입어보고싶다,노래모음,요리,엽기적인 영상,스트릿 댄스,영화/드라마 리뷰 또는 소개,유명인의 V-LOG,따라하기
4-12-2022 14:11:21,20대,남자,O,"SNS, OTT, 영상, 금융, 쇼핑",일일 6~10시간,"음악, 영화",2521,없음,매우 그렇지 않다,상남자특,나에게만,카카오톡,조선제일검,조선팔도평정,라이브로 실시간 공연,"각종 지식, 정보 이야기하기",엽기적인 영상,없음,비하인드 스토리,없음,"따라하기, 특정 애니메이션에 내가 원하는 목소리, 대사 적용하기, 코스프레"
4-11-2022 21:49:44,20대,남자,X,"SNS, 영상, 금융",일일 1~3시간,"음악, 스포츠",스포츠 영상,없음,매우 그렇지 않다,부끄,친한 친구에게만,인스타그램,존잘,사냥,원하는 외모와 목소리로 노래하기,"요리, 운동","엽기적인 영상, 밈, 공감되는 영상, 몰래카메라","춤 연습, 무대에 서기, 일반인 댄스","영화/드라마 속 인물이 되어보기, 영화/드라마 리뷰 또는 소개","인기 연예인과 함께 출연하기, 유명인의 패션 ,헤어,메이크업 체험하기",따라하기
4-12-2022 14:03:27,20대,남자,O,"SNS, OTT, 영상, 금융",일일 3~6시간,"코미디, 일상, 영화, 스포츠, 예능",영화,주 1회 이상,그렇다,기록남기기위해,지인에게만,인스타그램,존잘,유튜버,"라이브로 실시간 공연, 악기 연주, 커버 곡","각종 지식, 정보 이야기하기, 운동","몰래카메라, 기획 프로그램(가짜사나이, 머니게임 등)",일반인 댄스,영화/드라마 리뷰 또는 소개,"유명인 되어보기, 합방",따라하기
4-11-2022 19:11:54,30대,남자,X,SNS,일일 1~3시간,"음악, 영화, 스포츠",솔로지옥,월 1회 이상,그렇지 않다,못생겨서,지인에게만,인스타그램,존잘러,헌팅,"라이브로 실시간 공연, 커버 곡","요리, 운동",몰래카메라,무대에 서기,영화/드라마 리뷰 또는 소개,"유명인의 V-LOG, 합방",코스프레
4-12-2022 14:01:00,20대,남자,O,SNS,일일 1~3시간,"코미디, 일상, 스포츠","유튜브 숏박스라는 채널에 ""방송사고""라는 제목으로 올라온 영상. 짧은 꽁트 느낌으로 연출한 영상이다.",월 1회 이상,그렇다,추억으로 남기 때문이다.,친한 친구에게만,카카오톡,좀 더 멋있고 남자다운 모습,모델,"듀엣, 커버 곡","다양한 환경 체험, 각종 지식, 정보 이야기하기, 운동","꽁트, 엽기적인 영상, 공감되는 영상","춤 연습, 일반인 댄스","명대사 따라하기, 영화/드라마 리뷰 또는 소개, 비하인드 스토리",유명인의 V-LOG,"특정 애니메이션에 내가 원하는 목소리, 대사 적용하기"
4-12-2022 14:05:13,20대,남자,O,"SNS, OTT, 영상, 금융, 쇼핑",일일 1~3시간,"음악, 코미디, 영화, 예능",햇도시락,월 1회 이상,그렇다,추억으로 남길 수 있으니까,지인에게만,유튜브 개인 채널,좀 마르고 키도 크게,쇼핑 브이로그,"듀엣, 라이브로 실시간 공연, 커버 곡, 노래모음","다양한 환경 체험, 요리, 다양한 팁, 각종 지식, 정보 이야기하기, 평소에 보여주지 못 한 모습 보여주기","꽁트, 엽기적인 영상, 슬랩스틱, 밈, 공감되는 영상, 몰래카메라","춤 연습, 무대에 서기, 같이 춤추기, 스트릿 댄스, 콜라보, 일반인 댄스","영화/드라마 리뷰 또는 소개, 비하인드 스토리","인기 연예인과 함께 출연하기, 유명인의 V-LOG","특정 애니메이션에 내가 원하는 목소리, 대사 적용하기"
4-11-2022 20:01:49,20대,남자,O,"SNS, 영상",일일 1시간 이내,"음악, 일상, 스포츠",이스포츠 관련 영상,월 1회 이상,보통이다,누군가 내 모습 보는 것이 그리 유쾌하진 않다,친한 친구에게만,인스타그램,좀더 밝은 사람.,밝은 모습을 남들과 공유하기.,노래모음,"운동, 평소에 보여주지 못 한 모습 보여주기",공감되는 영상,"콜라보, 일반인 댄스","영화/드라마 리뷰 또는 소개, 비하인드 스토리","인기 연예인과 함께 출연하기, 합방","특정 애니메이션에 내가 원하는 목소리, 대사 적용하기"
4-11-2022 19:37:23,20대,남자,O,"SNS, OTT, 영상, 쇼핑",일일 3~6시간,"영화, 스포츠, 드라마",스물다섯스물하나,월 1회 이상,보통이다,추억이 될만하게 여행이나 놀러갔을땐 찍지만 평상시엔 크게 찍을 필요성을 못 느끼는 것 같다,친한 친구에게만,카카오톡,지금 내 모습에 만족하지만 굳이 바꾼다면 키나 얼굴 크기정도인 것 같다,"키가 커지고 얼굴이 작아진다면 옷빨이 더 잘 받을 것 같아서 쇼핑을 자주 할 것 같고 옷에 더 관심을 갖게 될 것 같다
모습이 바뀐다면 쇼핑몰 모델정도 한번쯤 해보고싶다","커버 곡, 노래모음","요리, 운동","엽기적인 영상, 밈, 공감되는 영상",큰 관심이 없다,"영화/드라마 리뷰 또는 소개, 비하인드 스토리",유명인의 V-LOG,관심이 없다
4-11-2022 19:40:04,20대,남자,O,"게임, SNS, 영상, 금융",일일 1~3시간,"음악, 과학&공학",빅뱅-봄여름가을겨울,월 1회 이상,매우 그렇지 않다,그순간을 즐기는중인데 영상을 찍으면 몰입이 깨짐,친한 친구에게만,카카오톡,지금 모습도 ㅈㄴ 멋있는것같음,키가 작아서 장발도전은 해보고 싶긴함,"라이브로 실시간 공연, 지금 죽은사람을 라이브 영상으로 볼수 있는것 (김광석,김현식,유재하,NIRVANA,등등)",일상은 흥미롭지가 않음,"밈, 공감되는 영상, 몰래카메라",관심없음,관심없음,관심없음,관심없음
4-12-2022 14:42:21,20대,남자,O,"SNS, 영상",일일 3~6시간,"음악, 영화",탑보이,월 1회 이상,보통이다,가끔은 좋아하는데 자주는 안 좋아합니다.,친한 친구에게만,인스타그램,지금도 충분합니다.,위와 같음.,"듀엣, 악기 연주","다양한 환경 체험, 각종 지식, 정보 이야기하기, 평소에 보여주지 못 한 모습 보여주기",공감되는 영상,무대에 서기,명대사 따라하기,"유명인 되어보기, 인기 연예인과 함께 출연하기",흥미가 없습니다.
4-11-2022 19:11:47,20대,남자,O,"게임, SNS, 영상",일일 3~6시간,"음악, 코미디, 일상, 예능",노래가사를 보기 좋게 편집헌 영상,없음,보통이다,다른 사람이 찍자고 하면 하기랴 하지만 내가 직접 사진을 찍을 만큼 관심이 있지는 않다.,지인에게만,카카오톡,지금처럼 유지,평범하게 똑같이 살아간다,원하는 외모와 목소리로 노래하기,다양한 환경 체험,"꽁트, 공감되는 영상, 몰래카메라",무대에 서기,영화/드라마 리뷰 또는 소개,유명인 되어보기,따라하기
4-11-2022 20:01:47,30대,남자,X,SNS,일일 1시간 이내,음악,유투브,없음,그렇지 않다,궈찮아요,가족에게만,카카오톡,지적으로,삶을 다시 산다,듀엣,다양한 환경 체험,꽁트,춤 연습,영화/드라마 속 인물이 되어보기,인기 연예인과 함께 출연하기,"특정 애니메이션에 내가 원하는 목소리, 대사 적용하기"
4-11-2022 18:42:03,30대,남자,X,"SNS, OTT",일일 1~3시간,"음악, 드라마",내 뒤에 테리우스,없음,보통이다,추억 기록,나에게만,카카오톡,최고,멋진 삶,감상,운동,선호하지 않음,선호하지 않음,감상,관심 없음,관심 없음
4-12-2022 14:02:04,20대,남자,O,"SNS, OTT, 영상, 금융, 쇼핑",일일 10시간 초과,"음악, 댄스, 스포츠, 예능",빅뱅 뮤비,주 3회 이상,보통이다,내가 나오냐 안나오냐 보다 재미가 우선이라서,지인에게만,인스타그램,충분하다,공부빼고 다,"라이브로 실시간 공연, 노래모음","요리, 다양한 팁, 각종 지식, 정보 이야기하기",공감되는 영상,"춤 연습, 스트릿 댄스",영화/드라마 리뷰 또는 소개,"유명인의 패션 ,헤어,메이크업 체험하기, 유명인의 V-LOG",간단 요약 리뷰
4-12-2022 12:59:22,20대,남자,O,"SNS, OTT, 영상, 금융, 쇼핑",일일 1~3시간,"음악, 코미디, 일상, 영화, 스포츠",넷플릭스 F1 Drive to Survive Season4,없음,보통이다,X,나에게만,카카오톡,큰 키,자랑,"듀엣, 악기 연주, 커버 곡","다양한 환경 체험, 다양한 팁, 각종 지식, 정보 이야기하기, 운동","엽기적인 영상, 밈, 공감되는 영상",X,"명대사 따라하기, 영화/드라마 리뷰 또는 소개","유명인의 패션 ,헤어,메이크업 체험하기, 유명인의 V-LOG",X
4-11-2022 18:56:54,20대,남자,O,"SNS, 영상, 금융",일일 3~6시간,"코미디, 스포츠",이용진 장기하,주 3회 이상,보통이다,일상 공유!,지인에게만,인스타그램,키 늘리겠습니다!,지금이 좋아요,노래모음,운동,엽기적인 영상,콜라보,영화/드라마 리뷰 또는 소개,"유명인의 패션 ,헤어,메이크업 체험하기","특정 애니메이션에 내가 원하는 목소리, 대사 적용하기"
4-11-2022 20:53:08,20대,남자,O,"SNS, 영상, 금융, 쇼핑",일일 1~3시간,"음악, 코미디",침착맨 유튜브,없음,보통이다,개인정보나 신상을 불특정 다수가 접근가능한 온라인에 노출시키는 것을 꺼리기 때문,지인에게만,카카오톡,키 크게,축구,원하는 외모와 목소리로 노래하기,"다양한 환경 체험, 각종 지식, 정보 이야기하기",꽁트,같이 춤추기,영화/드라마 리뷰 또는 소개,인기 연예인과 함께 출연하기,"특정 애니메이션에 내가 원하는 목소리, 대사 적용하기"
4-12-2022 14:32:15,20대,남자,O,"SNS, OTT, 영상, 금융, 쇼핑",일일 1~3시간,"음악, 일상, 영화, 예능",대게나라,없음,매우 그렇지 않다,Sns를 자주 이용하지도 않고 관심도 없다,친한 친구에게만,인스타그램,키가 더 커지고 싶다.,농구,"커버 곡, 노래모음","다양한 팁, 각종 지식, 정보 이야기하기, 운동","밈, 공감되는 영상",무대에 서기,"명대사 따라하기, 영화/드라마 속 인물이 되어보기, 영화/드라마 평론가 되기, 영화/드라마 리뷰 또는 소개, 비하인드 스토리",인기 연예인과 함께 출연하기,없음
4-11-2022 17:43:48,20대,여자,O,"SNS, OTT, 영상",일일 3~6시간,"음악, 일상, 영화",브이로그,주 1회 이상,그렇다,나중에 다시 보면 그때의 감정이 기억나요,지인에게만,인스타그램,키가 더 커지고 싶습니다,딱히 하고싶은 것은 없어요,악기 연주,"다양한 환경 체험, 다양한 팁",예능 프로그램,춤 연습,"영화/드라마 리뷰 또는 소개, 클립",유명인의 V-LOG,없음
4-11-2022 19:10:08,20대,남자,O,"OTT, 영상",일일 1~3시간,"영화, 스포츠, 예능",파이트클럽,없음,보통이다,여행가서 찍는걸 좋아한다.,친한 친구에게만,카카오톡,키가 컸으면,딱히 생각해본적 없다.,노래모음,운동,"밈, 공감되는 영상, 기획 프로그램(가짜사나이, 머니게임 등)",춤 연습,"영화/드라마 평론가 되기, 영화/드라마 리뷰 또는 소개, 비하인드 스토리",합방,"특정 애니메이션에 내가 원하는 목소리, 대사 적용하기"
4-11-2022 19:03:37,20대,남자,O,"SNS, 영상",일일 3~6시간,"코미디, 스포츠, 게임",저라뎃(게임유튜버) 영상,월 1회 이상,그렇지 않다,내가 등장하는 것을 좋아하지 않는다,친한 친구에게만,인스타그램,키가 컸으면 좋겠다,큰 키로 덩크를 하고싶다,커버 곡,"각종 지식, 정보 이야기하기, 운동","꽁트, 공감되는 영상","같이 춤추기, 스트릿 댄스","영화/드라마 리뷰 또는 소개, 비하인드 스토리",인기 연예인과 함께 출연하기,"특정 애니메이션에 내가 원하는 목소리, 대사 적용하기"
4-12-2022 20:48:10,20대,여자,X,영상,일일 1~3시간,코미디,피식대학,없음,매우 그렇지 않다,관심 없음,친한 친구에게만,카카오톡,키가 크게 바꾼다.,다른 스타일링을 해본다.,라이브로 실시간 공연,다양한 환경 체험,꽁트,스트릿 댄스,"영화/드라마 평론가 되기, 비하인드 스토리","인기 연예인과 함께 출연하기, 유명인의 패션 ,헤어,메이크업 체험하기","특정 애니메이션에 내가 원하는 목소리, 대사 적용하기"
4-11-2022 20:16:16,20대,여자,O,"SNS, 영상",일일 3~6시간,"음악, 댄스, 코미디, 일상, 영화, 예능",뮤직비디오,없음,매우 그렇지 않다,모르는 사람에게 내 얼굴을 보이는 것을 좋아하지 않음.,가족에게만,카카오톡,키가 크고 살이 빠졌으면 좋겠다.,딱히 없음. 자기만족,"악기 연주, 노래모음, 뮤직비디오","요리, 다양한 팁, 각종 지식, 정보 이야기하기","꽁트, 밈","춤 연습, 무대에 서기",영화/드라마 리뷰 또는 소개,유명인의 V-LOG,애니메이션 자체를 별로 보지 않음.
4-11-2022 19:12:47,20대,남자,O,"게임, SNS",일일 6~10시간,게임,저라뎃의 영상 ,월 1회 이상,그렇지 않다,사진 찍는거 자체를 별로 안좋아함,지인에게만,인스타그램,키를 늘리고 싶네요,그냥 키 크고 싶다,노래모음,운동,"꽁트, 밈, 몰래카메라","무대에 서기, 스트릿 댄스","명대사 따라하기, 영화/드라마 리뷰 또는 소개","유명인 되어보기, 인기 연예인과 함께 출연하기",따라하기
4-11-2022 18:33:57,30대,남자,X,"SNS, OTT, 영상, 금융, 쇼핑",일일 3~6시간,"음악, 스포츠, 예능",피지대마왕tv,주 3회 이상,그렇다,기록 + sns업로드,모두에게,인스타그램,키를 더 키운다,딱히 바꿔서 더 하고싶은건 없음,노래모음,"다양한 환경 체험, 운동","꽁트, 밈, 공감되는 영상",댄스에 큰 흥미 없음,"영화/드라마 리뷰 또는 소개, 비하인드 스토리","인기 연예인과 함께 출연하기, 유명인의 V-LOG",잘 모르겠음
4-11-2022 19:00:36,20대,남자,O,"SNS, OTT, 영상, 금융",일일 1~3시간,"영화, 예능, 애니",귀멸의 칼날 2기 환락의 거리,월 1회 이상,보통이다,나중에 봤을때 추억이 된다,지인에게만,인스타그램,키를 좀 늘리고 싶다,모델,커버 곡,"다양한 환경 체험, 다양한 팁, 운동","몰래카메라, 기획 프로그램(가짜사나이, 머니게임 등)","무대에 서기, 스트릿 댄스, 일반인 댄스",영화/드라마 리뷰 또는 소개,"유명인의 패션 ,헤어,메이크업 체험하기, 유명인의 V-LOG",코스프레
4-11-2022 18:57:20,20대,여자,X,"SNS, OTT, 영상",일일 3~6시간,"음악, 일상, 스포츠, 예능",배틀그라운드 영상,월 1회 이상,그렇다,하나의 추억이 더 생기는 기분이라,모두에게,인스타그램,키만 좀 더 크기,딱히 해보고싶은건 없음ㅁㅈ,"듀엣, 커버 곡, 노래모음","요리, 다양한 팁, 운동","엽기적인 영상, 공감되는 영상","같이 춤추기, 콜라보","영화/드라마 리뷰 또는 소개, 비하인드 스토리","유명인의 패션 ,헤어,메이크업 체험하기, 유명인의 V-LOG, 합방",코스프레
4-12-2022 14:05:34,20대,남자,O,"게임, SNS, 영상, 금융",일일 3~6시간,"음악, 일상, 스포츠","해외축구, 특히 손흥민",없음,그렇다,지금 내 시기를 기록하고싶어서,나에게만,인스타그램,키크게,그건 딱히 없음,"커버 곡, 노래모음","각종 지식, 정보 이야기하기","기획 프로그램(가짜사나이, 머니게임 등)",없음,그냥 영화 그 자체,없음,없음
4-12-2022 14:47:51,20대,남자,O,"게임, SNS, OTT, 영상, 금융, 쇼핑",일일 3~6시간,"코미디, 영화, 예능",무한도전,없음,그렇지 않다,귀찮,친한 친구에게만,카카오톡,키크게,그냥 살거다,원하는 외모와 목소리로 노래하기,"각종 지식, 정보 이야기하기",밈,스트릿 댄스,"영화/드라마 평론가 되기, 영화/드라마 리뷰 또는 소개, 비하인드 스토리",합방,"특정 애니메이션에 내가 원하는 목소리, 대사 적용하기"
4-12-2022 12:57:51,20대,남자,X,"영상, 금융, 쇼핑",일일 1~3시간,스포츠,이스타TV,월 1회 이상,그렇지 않다,여행갈때만 찍어요 평상시엔 굳이??라는 생각,친한 친구에게만,카카오톡,패셔너블하게,소모임 ,라이브로 실시간 공연,"각종 지식, 정보 이야기하기",꽁트,춤 연습,영화/드라마 속 인물이 되어보기,유명인의 V-LOG,따라하기
4-11-2022 19:16:56,20대,남자,O,"게임, OTT, 금융",일일 3~6시간,"음악, 일상, 스포츠",ufc 정찬성 vs볼카노프스키,없음,그렇지 않다,딱히 필요성을 느끼지 않는다,친한 친구에게만,카카오톡,피부를 깨끗하게 바꾸고 싶다,모델,"원하는 외모와 목소리로 노래하기, 악기 연주","다양한 환경 체험, 다양한 팁, 각종 지식, 정보 이야기하기","꽁트, 공감되는 영상","스트릿 댄스, 콜라보","영화/드라마 속 인물이 되어보기, 영화/드라마 평론가 되기, 영화/드라마 리뷰 또는 소개","인기 연예인과 함께 출연하기, 합방","특정 애니메이션에 내가 원하는 목소리, 대사 적용하기"
4-12-2022 13:06:05,30대,여자,X,쇼핑,일일 3~6시간,"음악, 예능",ㅇㄹ,주 1회 이상,그렇지 않다,ㅇ,친한 친구에게만,인스타그램,ㅎㅎ,ㅎㅎ,커버 곡,다양한 환경 체험,공감되는 영상,콜라보,영화/드라마 평론가 되기,유명인의 V-LOG,"특정 애니메이션에 내가 원하는 목소리, 대사 적용하기"
4-11-2022 21:58:10,20대,여자,X,"SNS, 영상, 금융, 티켓팅",일일 1~3시간,"코미디, 스포츠, 예능",쇼트트랙 결승,주 1회 이상,보통이다,나를 기록하는 용도라 생각,친한 친구에게만,카카오톡,행복한 모습으로,웃으면서 일하고 싶다(욕 안 하고!),"듀엣, 라이브로 실시간 공연, 악기 연주","다양한 환경 체험, 요리","꽁트, 공감되는 영상","춤 연습, 같이 춤추기","영화/드라마 리뷰 또는 소개, 비하인드 스토리","유명인의 패션 ,헤어,메이크업 체험하기",코스프레
4-12-2022 12:15:16,20대,남자,X,"SNS, OTT, 영상, 쇼핑",일일 3~6시간,"음악, 영화, 스포츠, 예능",그 해 우리는,월 1회 이상,그렇다,추억으로 남기고 싶어서,지인에게만,인스타그램,훌륭하지만 적절한 피지컬,바디프로필 찍기,"커버 곡, 노래모음","요리, 운동","꽁트, 슬랩스틱, 기획 프로그램(가짜사나이, 머니게임 등)",스트릿 댄스,영화/드라마 속 인물이 되어보기,유명인의 V-LOG,"특정 애니메이션에 내가 원하는 목소리, 대사 적용하기"
